name,address
user0,cosmos1cqptl69kcqpaqgapyqppxs4uxs28j3m3mkgm64
user1,cosmos1jmch3sf9quarf7luhe2jt5jtjzcvp0nuasccn9
user10,cosmos1znqs8jk3ytnf6jlk49jjzu698ar8w5wxwnekf2
user100,cosmos12j9l8u6qpt22uvmpcvge8alll9xnkjmrq2kesg
user101,cosmos1z2swsag8hxxenav8hmpfxqqgap2npw44rgxk8t
user102,cosmos1tvnzqa0r4az723wwr8fcu8z4s767kr09k400dk
user103,cosmos139t4na24nl50tz9sawzqlvtggvknpw998n9wr8
user104,cosmos1uqw2gkuw33ez588cvvtftfwwtfegvfzd8qrhlu
user105,cosmos13lj8amzmgl95209l52hxzxy39gez8efwv9cxfg
user106,cosmos1vwl7klh8dvgum6vh39cr93a80c7ys7q0r7agwr
user107,cosmos19xm9vsvxyp4rk2xpjcwcffkr07f4jefm3d6mhp
user108,cosmos1fx7k3aqv4jgqgphqpfegnhrsasp0vyz9c4tawq
user109,cosmos18sj5cltv0lvzd2kgkhv3jjddxt59kxrfmj2gsr
user11,cosmos142q67yqj00ej78y6ufgq7kd0j99cyk3rcqfuq2
user110,cosmos1ayvjdmmk03x7sehxaecl77qtk08w20jt5zgctu
user111,cosmos12cxgetuzwe85yjskacg7v377j7x8lty4lae4dz
user112,cosmos14rypems7n6sqhsqqqdtg5y60tg9akwnmpza7la
user113,cosmos1k9tdz6grapet5ackekktllvgfksevp6ya984rw
user114,cosmos1wc407sa40t883xm26wygnwu3ft9ejjxa4ckgwd
user115,cosmos1n9l58ldd6jyqufz82p5mfunh6wxt682ks2ekg0
user116,cosmos1dlr8sthz3l9tkegfe236ud6n5aurweuv2ytm8d
user117,cosmos15f6xwljsxtwggut4cff78se2a9a40wxx8fhmw3
user118,cosmos1ku6ytdvxuwr0gykp52780lqgvem6v90xzlhfzy
user119,cosmos1lw7wtfjcart90gxyxmc0u95ahf2zg56c9urey9
user12,cosmos1y9d4k6d7x23qeuf33eac9nwmtuten7qlh9zlss
user120,cosmos1x763h4pqeu3v59vmz0awk57u6vjpyr2eu48ddg
user121,cosmos1m94sfff00tclry43mv5evc86t4648hvjd3ccm9
user122,cosmos1nuezgzv6dnrxpsv5q08ug3ecwk493e7qqu62n7
user123,cosmos1ezr0w0k8ehrzx0ygcjfakdyj080dnmwv9sdkak
user124,cosmos1es5awxc0zk7qjs3lx5utfu7z7rdllsgn9ncf8v
user125,cosmos1wkde9zwm3hll940m3fxsvve2fwfj43sxymd8xy
user126,cosmos13xuptyze5yycag2sus2r3xc2cvv8tnsc9ljvwl
user127,cosmos1an55wajzsny5m0c8xzzkaqwcj4fs5lj8lyutwc
user128,cosmos1et23nrku0dfs6gkxcyph8nhen7snxwjnv64cga
user129,cosmos18ypcvdk5dvgjmenuhplyulrkhy5dwrqd3zzz9r
user13,cosmos1jcnfjxnrtmls7erzl6fs984za7jvk0pe5aqaxt
user130,cosmos1ayzf7mmtxe80hnre52qpkzjd9ptwk8f09rzx3p
user131,cosmos1fnfe0kqt8ww50mpzz8ta8hcu6s3049jhp37cvf
user132,cosmos1fj564f8l700h4l35zp7p4736j7k6sdslrmr0fh
user133,cosmos1l5exmqcfje07fkc02z7f5ufymaxy3qmyszlg2u
user134,cosmos14g2jc7tfn63vlzelrqj8zgdauqjr8h9clupp02
user135,cosmos1gjzqst858pq3spn2tln5r36mpntcueljlfrjzz
user136,cosmos1paxu53x3063qmya9njmz24mvqkeu4z5axxls04
user137,cosmos1mw9fvul0srf5g946ucr6mcucu8fhjhy8tpz33a
user138,cosmos1tu7pw4x2q454hy65f8cpyau9nxfpx5eg9q9cj0
user139,cosmos1vkr4g6k6y8au0nkfgr7kpfy8vtps3z5rpvlgdd
user14,cosmos1lkqx0makjf3ltuzgsfzwm6ka72au9ag8p4v09z
user140,cosmos1nrp9mvx6q0qt8823hwhkx6jkwk2gx0zh60elv8
user141,cosmos132xrfr8vwpkptcjqum46r8rtfzxtzc958pktcq
user142,cosmos19vscphcd4lyvgmrt5upsxjvvguy4yr63pjljwv
user143,cosmos17amr2f9rmkaewx895a87y2vuxf5cnpzp2sxqt9
user144,cosmos14pgd977w62alc04t5fajjq5uekrpm0auwzeetf
user145,cosmos1gqjdf8xcy0eaqxrzt4sj0pc3933sge34ak03qn
user146,cosmos1lp2nny6eptk0rajsn77ynd2leqmd9d2rs0qq28
user147,cosmos1aa5fpchrrrfvsuhmyj9g3xqkdvwyn689kt3czn
user148,cosmos1kwtfzyh6d0qgaydygqvh5kpqlg6ju09kmmwg6a
user149,cosmos1g5muu3mnxzwspmjc82pv50vxrh9cxh8tega7hf
user15,cosmos1qx9ujguvrs7yw5jcl79j23fxe34g53gv09m58u
user150,cosmos1ascffw9e2k5xemumfsd26034mzc5ww5h93w63u
user151,cosmos1cx3ql8a0u9l42etw74wn2varxsjj42e2ccehfd
user152,cosmos1lslpq5f2mttrw5dh4cg5q6cc366fvpypzppcxp
user153,cosmos122e6n7d6uyg9zc6jnykhq6fp3pyata5whhqfl3
user154,cosmos1jmnhmuwnecs28f6rhv55nly3tqstqg4r64y8ww
user155,cosmos1qv4zt4ry8xrspdkdhwseu5gw99s3c4kcgkm8fn
user156,cosmos17dy5zjwrky3nvfhcfz7x496ga9ygq9zd623z4k
user157,cosmos1m5mcpyzsvtx644mquw0gnn0jhkjd0cztfpqhve
user158,cosmos1sl5t2q4w4k8ztszmjgcttydnym3rsn8sthjx64
user159,cosmos12v98hfaq43uqpkrqy20t32p8cgg7mam7r8xtdj
user16,cosmos1n9zx2c0c298yp3lehjvg7npc6rp2utksmch5jx
user160,cosmos1t3yeszc23mggy92u26wvjw2gclefzrn8rx6m9v
user161,cosmos1w99ued6vcrl7vs8we5xlmwhcn5mpq4zap4xte7
user162,cosmos1kzpm0ea69kxncu45eyr3prq4f52d8lywm294l8
user163,cosmos19t6vm5lds8l6uhpw3s6ynclrutjxwsn5y4xyjg
user164,cosmos18wfanm27le9lldqvug25g4a8kszg4ll2u88fha
user165,cosmos1w895fjxuml2254mvr92urqunr6qfprnwkkkfud
user166,cosmos12t7e2v4yzgjzstf0kp2n9mgxfqrrlyvdlz8jkd
user167,cosmos1965uqyvtkrevj0pvsk7w9q07h9cphhmdajjj7r
user168,cosmos1y2jhwy9umsfh4wzz6zpdg4nksd85uwdnjc8umg
user169,cosmos1ggpata555vp58jvgv4pmf8tv8wysrmlx6pa5dx
user17,cosmos19vwjghefdhpqz64tc66ph0e6sxu3lx3fpqgsdk
user170,cosmos1vcqc92m9r236cgvjejxja3khhzajug97g3zlsu
user171,cosmos1d72q0up2jy8jq7eya34ldv4qs6rlfgakp8yywj
user172,cosmos109xaxl7nppsnjhxl2q0w2vcpthkrqalecw6rkg
user173,cosmos1gkx38xdq58ht9y8ph2an26alu8a5ul9707slst
user174,cosmos14edjl8gvcg9kdkc4uaj33lsp4yxqeq9gdn63gn
user175,cosmos1ztf89erc23eualr7964hyz4j33cx9572s0jel6
user176,cosmos1chsyfytldf398dg0qj30nucrwpz58jdy5sj7f2
user177,cosmos1a2m0zducvn2mfwdyt28dhsk72ch59wamtuslr0
user178,cosmos1n0234fgx6f3wpvxhmvt845pdyu0y7lv5pgcjpq
user179,cosmos1hqxmslhl7ftwwqwdjc8f40ylgey0g4uuvv9vq8
user18,cosmos1nxqrwprmterctje5n0rep999a603ezzvm0yqdw
user180,cosmos18t0zdm3plqzd35nnhjmtyuurl4p27t85xv4php
user181,cosmos1p9fatwsl9kgmqylrfq26w8l5km3htvuv73ll4k
user182,cosmos1u5tmv5duxfq364fnfa7gk5jlwn38r94ljx35h4
user183,cosmos1ncjjx8ppwpa0a05n72s84vl3ur6pve6vyr4fp3
user184,cosmos1kdvfrm6mgl4evczc3efcv5aepcy8zal626dpfp
user185,cosmos1rcxefsuktpd3su9wne3w5y7p3vekhe2u684zna
user186,cosmos1n5zw3l6drvufjn9x309phzayvr0g0u4nfl7zl8
user187,cosmos1u2gfrrf8grq6q8le9ads225lc73juq8aw6suk9
user188,cosmos185fthcy7aswnv2ly270r8umlsvrrq5zmvth26u
user189,cosmos1pxyhzu7daejx72eqr7dfqshd2f09eyxs4ym3x4
user19,cosmos17xmeecq7fw8qatyh9qly8jtve66cjkhuyh3qkv
user190,cosmos1hk60uf46ddwvk75ey4y5f9qlgzc9jmd94wjctw
user191,cosmos1j3m6mnc2spgx802evt32cl07azmvje2x40ju40
user192,cosmos17x8dz9dwldat59sg469r0z9me84xez22lkuamm
user193,cosmos15vm39qjxksm62x0dpx9t63k5agnm60wad9q7mq
user194,cosmos196gaus58gyurdru7xn35qyvaxv3hz2554y8wl9
user195,cosmos1ud8cg369vt2eeh3k5erndk9uqm7a8q466yvt4e
user196,cosmos1lmymc2lfxg32zwwkuzpu85h885ym0pdrfcc4uy
user197,cosmos18x5sh8fae3j7a3kn9s38knkn4x7jshxs9eyhcg
user198,cosmos1rf5zenga2gyrnuge38krvyrgukw3jpxn4fmpqc
user199,cosmos14p9f9q5v904p8hx0pp2wx45vw4zwhtr3wv9g69
user2,cosmos1xhrwaawdujft3xezw5l5gm8x6cvwl9ynftkxfu
user20,cosmos1teuks2ntqu20reu2j4gfdl2xhlk66cznzhfwzf
user200,cosmos1wwmu78w757padaxsatz3qwddgfhxrd74xz0udz
user201,cosmos1fm0a00j3nmzqmyx754y7ntv32nsaa30qfj42us
user202,cosmos187uwyeeszfkg70ff76xe3ajrqaaear7pxjvlc5
user203,cosmos15x9g73g77h3z5jyu6qtmlgq4fd6dukcjhpm8g8
user204,cosmos1n7cyjwx6fn820nczq7f9h4lykjvhmtclu6204s
user205,cosmos1daj7g2jdnvl6thkxeg8qn30cazwrmuv30npvjs
user206,cosmos1tt9nm8n0gytfy4qy9zpjtydsg40ef55cvxhqgm
user207,cosmos18a0w8cyrju56cdtzt34fty3fzsg9xdetpnn094
user208,cosmos10z3kk7sykevyclshttsycc27qwfp7l9twsukpj
user209,cosmos1gc0zsfwx6wm792atxc450yy0khr9vur3j8lt29
user21,cosmos1haw6xzrmu2cnthe2lud2uh8z6uuckpnqww7058
user210,cosmos13s74dneygjknuzkakvkdnsaq8paga5jwk4ed36
user211,cosmos1dq6f4g37g5auwsj7g2uj878x2zzknx0ekjxtk5
user212,cosmos1j2f5svjjp7xhy7gst6p0uwzs9eef4jujq8jl0e
user213,cosmos174rnwug3awrkyjcv07ejawa6d5zrh89f79r5qf
user214,cosmos183e2ycr5wl9w4633nrcq8dvgtqmh2632r56ngu
user215,cosmos1l77r9vl3j4zg4xx6h47hpf47nfyj5ukzp8jmkl
user216,cosmos1zaep7gup37qpca8ml5xlmnpeletncuxmnghlha
user217,cosmos1g6twnanmja7pev7wf4ml677u6yv7umujud76q5
user218,cosmos1s0x85llcxgnw8qla4cnl7nzm4emw46fqvq739x
user219,cosmos1atgsxw8xtldul9ctfadagvpkeahvr2c55xcfh2
user22,cosmos10s5x0pxrkjfs5ujkg08c7hfc0apxwr4p8s9l7y
user220,cosmos12s0rvnufk93dv2scp8fmvay8tmdj58ur77tlwh
user221,cosmos12unph0dlprfccnq50ta8ajgyu6rxh4lcy7smlc
user222,cosmos142nd0yggwlwac2ckuwz0nzf8g4ts3frz7gsnfh
user223,cosmos1jtj6760p3wh5svtexn3ykvd30xrpnqu5p39ezn
user224,cosmos1ujfrk0pely3v3yrscjr92eajnf3xeg08plwrc5
user225,cosmos1esvka7s0rg2eauk0mxxa8sq5y2kg4z20ls332q
user226,cosmos1y0d5pxeewhgg08a2qrskv34zzrrpcr5zp8x5uc
user227,cosmos1u23gx0vhq6eh46z6v6xnhhdff94wx9ppp753af
user228,cosmos12gamy9tjys0ypgs36vclctkasgyn5lwjyvw4nj
user229,cosmos1mftjlkfvv0fx6zeg84q6ju74gnzxjkhyvl0fu8
user23,cosmos1lgrd4sk5c78sr8ysdj6h9gxq4v4m4lklw4ctax
user230,cosmos1j9nhuq6aekums6qlug2r8mrd2j73hmehzu0ffd
user231,cosmos1qdp95sy3lgcw879vhv9wr5qma6pme3d8cg7m9q
user232,cosmos1mp4h9pcs8mkhx5tc6gztkp526fe2320qc6jk5d
user233,cosmos1v6m7p4cza0ys04zfxp8rlfdzgv06av4mj9rq4u
user234,cosmos1qx2skqq597ks87th8c62r4r4xdu6zcwpd40ag3
user235,cosmos1cw9gt9st6kju78kryt5gaa29dzf04w65flayt0
user236,cosmos1z6udq0znjlfzdq3k2smh6z6ufkvwdegytds6k4
user237,cosmos1jdtvh2ac33sce7uu5q2g4n3n88pwzujnk6ak6l
user238,cosmos18tpj3ygmmdlt2382zavmtpxsldhl37slcgdd33
user239,cosmos1e5szxn22gdj8dg5t474natrzzex6tundkz9c67
user24,cosmos18npu88pjups5de2xpljgh0p35fnz0ft8leperr
user240,cosmos1axud42yzfl07dn4xdqs09zs8lt8kny92t5y3f8
user241,cosmos1xxqcnm3rf7c45ltcl6fz62thp6ed4av0cqgssx
user242,cosmos1qam4xwcew4v27jrk9xhjgh89x3dtp7xvawtyke
user243,cosmos17p72t4xhd20gqhe9kahfsj7fcg0ymne3np5sc8
user244,cosmos19k8vpr27w6gvw6385m8f2k6qjjwjug92mt27v7
user245,cosmos1gufa2y9fawsqn75297elsksrsqv9572e45zgvt
user246,cosmos1t8sxv9jwwwprlmd3wxkgv2gm9v2u53vje2j6ge
user247,cosmos1qfqz7mnmc3jnvlszwxy9gy7w9dptasnagf72ar
user248,cosmos1rmehqu6h7jjdk8jz36nz9f7ajvlk7zktpunpmf
user249,cosmos1w8z6f279lyru7lqxkpsrt34yuearkqmcyj23np
user25,cosmos1z8d4vpjj5nc7hgldzgz8gsxlr2yzaylrqq3d6u
user250,cosmos1kaa0ms2h6dsue942hdj5lr7gpx9gr9h8vpms45
user251,cosmos1x5vguampgk20jxt5fjyw9s2mkvkw6pnk5ahp00
user252,cosmos1yraytrvl0jjrytsqtke5mf5wmsuees4ma7vzrh
user253,cosmos168fynh6x2adcgxlrllrm5njlqf6jk50mffw75d
user254,cosmos1zjhwsft3ndvm7lm8qj0hpmxrutkzlkzgdkergm
user255,cosmos1d5ppuq47jxpxkms7mnhjnpnvrnpghvmss6ej9j
user256,cosmos139n52y6sqzh8l0g76qtqzjf3ee8qu3rrdz7gkk
user257,cosmos12ajkrvygd955tk69nj6n0t4yhua5h0t28cqt7m
user258,cosmos1wjj5zynhssgzvhwrs9prym3lk8qme0aajyn0du
user259,cosmos1tcs56n8xyg75dq20ugk7adz8j3z6dqaqzgqk5s
user26,cosmos1tfszfj9kf9004ty7rclcakc549aq4sgjtcksnf
user260,cosmos1cqx4t2mx43rjm5f0gmqdgs0jlpkyl5q326nz3k
user261,cosmos1aj48utrkruehfffqjldqzhteq05clsh66l9unt
user262,cosmos1lwjzxm673ysa9zw0rj69m3gpm4j8d40xn4efv5
user263,cosmos1m3gk9n8ddmdurn4qjqtce2z07f7zk83p29hgx6
user264,cosmos1ehtvujyxpwtrf8na6c2k7lt4frtde524gx39e6
user265,cosmos1x3p2ffe9m3jamueycazucrnryn0wxx9kct5pnc
user266,cosmos1aumzy5x420g56qga96syckplwwqd4wlp73t3vp
user267,cosmos1va7xhp08ev4kap04ewhaf5z3gs66z5vw4ef30j
user268,cosmos1r95xuya3lulua73yh8kllytre9mjdsy3vlkmz7
user269,cosmos1fn2mcrddg5cyj2d3ejuwm678uaacjhyk5sw3uk
user27,cosmos1vdpt4w6swtzge9zhylrx72eraa7g99psdreltv
user270,cosmos1gw3eukrhcg2qmvpg5jqtev6jww9ru02656wm3u
user271,cosmos1yrpy3k2merx5a0mgmmszwpq8mz0c3333y8c5tu
user272,cosmos19qtg0hwwwlmledcc85y6nt8uadrzegdvdefaql
user273,cosmos14823y3lrzem4xry75zpvz66zq2qgkhlct9kz2d
user274,cosmos19e2g35l5dc7lv3a4uym7u0lx0l9wsehjsjy97v
user275,cosmos1k7g3dl48u69n429ce2lktzpev8njkv4988yyqx
user276,cosmos1c7cu8ehnrj0ttmkxhu6zaj2hy8309s99cjr387
user277,cosmos1fph5udm0zdzklf5st827su095dyx3m980dh7s6
user278,cosmos1wfac2fky4meh0tsq675vzrx9xtv28dfrygmfyk
user279,cosmos1p3q2au4mc356xsx82sxlaz9jrhn5fdr6rqfun4
user28,cosmos175l2f022ujwqrwwh67ylxmjgr2qfn7km39acrf
user280,cosmos184smlstw72ts5ymejykj5njp4prs8v54t07lyk
user281,cosmos1xqfeq9mraj6x2dveady8p8jr0862dhtqnz3nv5
user282,cosmos1hthz6s6xxfmgcyefykpec0mu8jaeka0r6qhnwg
user283,cosmos1cll0jpp4fz75u3r8u6a6j0famykn9zukzekgwj
user284,cosmos18mt586ay0685zrt4vxrvxdythtdtjzwstcuhh8
user285,cosmos152phffkv5tkzfxslyfxq4t5ygfpdhws4fndeew
user286,cosmos15yd28f6qzdawjlccn50ummynk73tyspsm8dsax
user287,cosmos14xr5plwy8wxgzcwfq6yz72s9zh8up086n2ucsj
user288,cosmos120ld0wjwssvk72ph523qlp80wyx09ukrwy2h7s
user289,cosmos1nmuk7q6mu8nzdmc5c4jt69w7uv347dj3sn3nak
user29,cosmos1u0crcax2hq3ej0qnrvqdfd3metvw6nphzsrjc7
user290,cosmos10afrjrxus9wwhml20n5vzn3zunp6ynkhn7ew5c
user291,cosmos1t34qnvn2r5typjswudt9q9f2hvg5mnsfn0kxs4
user292,cosmos1d57cnmx285vztnraawnlkadceqfjwamu5rga5a
user293,cosmos1gq6qlfth2guuu2730qkncl432rgp2xcjdwxjuk
user294,cosmos1fy5jan5dpduqrq2mdjejlmw49yeyhfvhlqj2pg
user295,cosmos16839s3ja7tyfn6z8l2tl0yljp24d98dnyazu0a
user296,cosmos16xjw7k4plezjlqsy2rgvaa6gtw0nsxdsms03rp
user297,cosmos1m6c59swu7t8cee56e3kxv9kf4j0qnfh0xyrr6a
user298,cosmos12k87843haq5netrhqdpwtjd5j4wj6yswepq7z0
user299,cosmos1jswegsnm0h0zrsf2ttxvjyu9x46wz724jknn5r
user3,cosmos1wymtjyuvv7rcxk48m8cfn866w69vv97vcgtjux
user30,cosmos14rxj9gyx9qw6nygf720lukj06wfsqk29gm99sm
user300,cosmos188f9qx6tuydw0thzxvcrmcjndxd4rf265306vd
user301,cosmos1hkly2x2dtj9vj0h0h8c8zzxu4su5ajyd0jz93g
user302,cosmos1ncq4ycyzm5kym27zac08h6a97ycscyzv9un55k
user303,cosmos1ggy0ke6hcv3ed0nhs4q44jlqec5hp20x5ctcy4
user304,cosmos18l9fv0pth2jtc74ljf4fpc5jeaus4twgysj9te
user305,cosmos1e9tkz3f2whq58xer3dnuqkh0qeay8qfxzx9u7s
user306,cosmos1tfejthqp7npfs9tps2sktp5jz6xe4667ylncn4
user307,cosmos1hwy3w2yvf3pk4mjgxrm8e8mhwtjep6zteslwqz
user308,cosmos12csvqg4sqwvlh6mlpew24v6xq650pa9wuwpw68
user309,cosmos1h37td0633qx2hlt4ty83khhtrkxrlu73mve9c6
user31,cosmos10vj2ejclp23ue28zyfplpf9v8rzwnclqcvpdcl
user310,cosmos10akpz2hdfvrvf8eskm88gazxpu9mnyr2sldh9r
user311,cosmos1srvglpkjaveekje8ed4hk8ysmzwm8ff4nkhh3z
user312,cosmos14cnp0garchy3mpegeee4a60rew7pxn2fhxxe4k
user313,cosmos1wctrsy0y4z5us5vzc93pywamyxu5u2jntuy6rh
user314,cosmos1w8uh9u7m5w34v9hdu8ugfflpxzjf2e0pwypjw3
user315,cosmos139uzpzcamqfjyru98r7muy9t9w0w9yk3cs46hw
user316,cosmos10ptr6hjg3wn89r33er2vy3sl8wvxrhw80xj2ph
user317,cosmos159klxhhhw6zpw8tj2akm29wj5h7dhetx74wte9
user318,cosmos1q2mgczgaw2g5ru8mrfpef0a6ky00aesuctz40e
user319,cosmos18q4lgj67k4427dgs7esvaj6a66apmwgqz4ycsc
user32,cosmos1nqda7tmm0av69hsga72ppkae2h05xy27zkxcqg
user320,cosmos1esjldmkl8afuqmwyqslgg0nnpktccjn2y8gdq7
user321,cosmos1ess93ttqsx04k63gmllj32smfyc8vjvqqd85k8
user322,cosmos19et7xhqyyn2sfwszzanp3q2gdw6dv60p4aq6y9
user323,cosmos1uc44hjyycmd3tkp663dl0nh7r0a7x3l8393mnk
user324,cosmos1mv0rycq3ga7y2wnmm65x6ne4zvx0e49hns07aq
user325,cosmos1hl3xeuvmunkufw79tu7ht55xmqs8y79g73z8sk
user326,cosmos1qdy46cu8rg3junfuucaz7eq4dgqel38j0yalya
user327,cosmos17s3sqkxfm7q32tft3y8fhy63ct7qy6perknuqk
user328,cosmos1fltgw6sw5cua2v06da483s5w8nwukf9kgsnak9
user329,cosmos1jz26vsd6cc8hatywe933mrfk0pvqzrehzsm2vt
user33,cosmos15zdh4jyk2yrukmlslwxq7f02ck7nlnlh3j7g3v
user330,cosmos1agdnqlk6v852ss0xn49j8fv8fa7cqxwzek2wpe
user331,cosmos1cnpykptrwpw9lvfhvgltpq5gq3fl9dq56dc7g9
user332,cosmos196lczstgks7m99mcn9t984m4vxy3v0t58g5gnh
user333,cosmos1y8lmm9hm3r3lgtjr4e5xpx2cylvdqd2c8749fz
user334,cosmos10u2f34y65ujawsuwf0tndrzuhel95q8hfvvd55
user335,cosmos19kaepva5y544rfvfnslrheyklrnamfa774e2cd
user336,cosmos1w5trd2exu5ecpdclkw2vgs3xl5ekhrr4nld0sk
user337,cosmos15sj83xavyhfatjtr06l0gzjlx3jwc73x0u9n45
user338,cosmos1zzldyu4nc2qz4n9k07yrpdu9fkmxqjkventkua
user339,cosmos18p4fcfqdghlmlvuc9rt7s53c8xjavzq3k9tsnt
user34,cosmos1lhpnv8w8j9jkynn3h700n6rrys8c0q87jzguqu
user340,cosmos1c3gdn5dxsfwrgnkztmea3m8xhk2t68fxu8k5ds
user341,cosmos17yq7atlfuzs4lpgyj9xltdzrksrlq8yzls69r9
user342,cosmos1fkrtg02c6cke7wnt3pl2j3hm9rqpae3y4nzagt
user343,cosmos174ld0f78agghcjvcev63x307luualvwt96rrl6
user344,cosmos1z95dkv5l343ayccraac4656s92j3phjxz5qe36
user345,cosmos1ty3dsm9weyzc2a9h49lley5d5n6uy0qxpmh4xj
user346,cosmos1ueykftn4pj4dftl4t4a2xclgq2qvs7kf89a5fg
user347,cosmos10zgcgwl8vt7pp3gxnz4jmkmqjw6jaxkkl5auaj
user348,cosmos1rf5ewk5xgap6xavkk4xj39x3xg8a05yd9xapwj
user349,cosmos1an99ksqg86q4yukv5pd8qdjm8n5s8gec65lftd
user35,cosmos1909qfslqnxm8zmamkyjgeueuwunykah42u3yze
user350,cosmos18lv6ct4ul2s500vyyslysqkk5lgj0supv84a4h
user351,cosmos1ugh7xdcg49z3vrhy9p07z36r4uhjjqkxts32dl
user352,cosmos15zk0p4we3lqjl3gs8m8mgvrytaaxs3fcrktg9t
user353,cosmos19ty8yfa4ry8mcumy5d83s0c9l2k9qhnk542k9d
user354,cosmos1cuequqyxv7keafzme6ugkfm9zsk5x73s7cmadn
user355,cosmos1x2jnckugy4y0x57ywtq6p36xl8n8fxf9xyfzxm
user356,cosmos1rcu3wkfyrt9mde7x2p4470scz4la34pvaq4zgr
user357,cosmos1l0yazx7qk9y6vdzmhrcr3sp6nwgha5wjtcvw8w
user358,cosmos1gmt5qwwgcx7qtfxyv3dju32qa5cuddqzdexpwu
user359,cosmos1rcwyg9aat0rvuukfr0dxth5dv2hfh25087h3nd
user36,cosmos1jm2dzpd7ss5lt2s82g6updgllhkly3fxwedw82
user360,cosmos137eagmcucf6rt6cmfglyzgxsuevr6yeckzuy3p
user361,cosmos1luwzvzfeqakzarkj73tqvq8z73tax0wn068y9g
user362,cosmos1qcsq3pnef09r44rdycu2q0fg2cewqlu97d3cxc
user363,cosmos1fyqt4v8pe3uadgwz74ggmv3ac97a4e2vwq0ppl
user364,cosmos1u3txhcwluh2dljtx73qu32ke2tmtkvp4pntf3d
user365,cosmos1er6e68e42mcp4satfn4a3wrhm68fqnzuljyvcr
user366,cosmos1kxdf42cfyqnxekdfckwgkkrydfrmptj23gq6z8
user367,cosmos1uz5030xg3rlft4xxjym825ntcclgernfvadvnc
user368,cosmos1hd5rz0u45phu3kjqrvw0fachn4f9aak83w35x4
user369,cosmos1jtqnw9fgqqnf5rhgwvmw25s6f7lfl6npkcv8fp
user37,cosmos1nw5wyuekdftjqel5vt5f7jvplt4yqye5a97evr
user370,cosmos1tuf7z2c9lcjuvnc5u8qrj98y3p30945gzg2sh5
user371,cosmos1uu95xg94kkss5eusk35zmsngd2nzlp7kerjqem
user372,cosmos1emdcrsmq0z6thupw6ml4vx8pzs32usmfd3h5vz
user373,cosmos1s8vl600vq7c8wqdddrm046gt7kgpetgrs3qkxv
user374,cosmos104nhfvah6fprngv0p43rrzf380hr294unn9elt
user375,cosmos1ckfe3ctqp6cwxar9ca634fgy7wpt4f3aahe6tm
user376,cosmos1m4jl6ushl2xl8fm3nfzq4e7y4dn5gd3fnyydez
user377,cosmos1x2k26yjx2p95xkmhqtv09r8kr040ht0v4xgu4q
user378,cosmos10q8h09m2edacyr7z4z0234rvaj2s2h6dprna7g
user379,cosmos1laef9cg4458tdv6g2j2qapn83e8s3kq6u2d247
user38,cosmos1zes33vvt9f4wn89nskr7m99f2f2tpd9nv8jecs
user380,cosmos1n0g4cfjt2v03j7hvxqpl2hsv2d0knyj6ppcgz8
user381,cosmos17ef69ppl77h4c8npznyhqlvnvfhhkg47n3e62a
user382,cosmos12k5gkqh5tfp6usvk89yl4h9te2pg885lptkvq5
user383,cosmos1ptmmxqzn5paefvutwaxqklynn3fveznlsjsquy
user384,cosmos102vtu44kgn6c69gjmn8mm24qehvd0gpkaqk3wu
user385,cosmos1uy9eejd6dnr5rjwz8chll89c4v5dc4czj7zvl6
user386,cosmos1e4yt53a0jrpawgc2dd64d3q3p690t7x28h8q0a
user387,cosmos139stttwn5gdyc06zm8fz8dc8pjus68w3m232gj
user388,cosmos1ual686yd2laxusrm37sq8a0wx7jq5ms046j7jn
user389,cosmos1vxh5c9zjl4q76ja0yzu7y26j894u7yft22zwu2
user39,cosmos1mjhvemjxy49rqdluqdwq2ptglsydj4hkajmpyk
user390,cosmos1vs7mxfxcmmqrvrx68gr4lmlhul2wag3mlqc5ff
user391,cosmos1ztx7ve8svhwlh889ezapftmydm0nye0gxp2ep3
user392,cosmos1autn3t7lj2j0l7e5zdm9d3dcf0wvjwyr02parv
user393,cosmos1p9z4qpgnaw595pd473cq4vnzmcm8szpc5q8q0m
user394,cosmos183ykuknry2gyn8twztskm9hn044ms3xljv5nls
user395,cosmos1xsy3jrcpqaszrp80r9ecdj59gy0gj4txmcpy2e
user396,cosmos1dgykvpljjg74nqpafsxzdznq6j5nduuzq9fy5c
user397,cosmos1ljzaj3akpygvu25ep8jzxzkdy7xtsqkqc0zv4l
user398,cosmos1gn9mc27t90y6yccyq7wegxdt2rhack3c9j5u5p
user399,cosmos1mjeq50qzwjhf3v5z6t4jafh9hx3nlhrmwcphrr
user4,cosmos1aspduej3f7vllu83qqn0txhqzw2nrr29fkf7vs
user40,cosmos1ffjc8dsexyle9sy9e7sjatths4w39zkh24pujk
user400,cosmos149uay8jk4ctau50zf0uj8gp0jmr0d4jcfx43cw
user401,cosmos1me04xjz5evg6g608mmvyegh44lf5askl0lg44v
user402,cosmos1d7hmyeq3p4as5g9z2emheram42et3r3m3dp4wf
user403,cosmos1zls4xwnhzfch9xcdf9fthc65e0f45qz3e2w9g6
user404,cosmos1qzgz467d4kgmpcwr5f2vrtwxcjt7cxsf2lucle
user405,cosmos13tu7u7wanwg2j26xsg0pa24h8u0rrmnj84ekdd
user406,cosmos1qep95c72g52e6hgnavdx8n9dqg5rmr53cslzdh
user407,cosmos18s0hcyjuu2lfdc72tvaf86zn98s4zveyfk5avu
user408,cosmos16swq64d99r4qvmyzwmf6wejfxzpwyck4t0jj95
user409,cosmos16jufy8tnh6f6dzhrmc6suwxgzn6svrqsx0fzay
user41,cosmos1yrknc6d462rzn8g8nexdme59kps0umg3nzpr3l
user410,cosmos1ys4eefqrdgnufqj0p2k48ypt63g8ck3g9f0cgl
user411,cosmos1ys6derz6txrpn9a6z4a39xjcfpp5kh3w45v0ng
user412,cosmos18206wnzxpe4m9hqn0hqg5ap246zuuzu9uvqts6
user413,cosmos147u96mjuv4lza7d5j6l9dzdqz7dscfwqnd9hlh
user414,cosmos1ueftmxkt3wsarvcuwrd23jddq09msmpvv3ycwm
user415,cosmos1xp3u8a2r6xakquav6fshe5ysydsatgk8aaz404
user416,cosmos1gkpze6kpq200mrxnr8pqeq0wc0ukwggcum69vv
user417,cosmos1zazryqlgnpd7nekxdlkvpa8harwn0zgrhcgj83
user418,cosmos1g6dxcphyym97jrgugwn5att0mtykhfcl3vzhvr
user419,cosmos1g32vqqmu4sjq0mlehzswawwfsjv9f004s4vpsg
user42,cosmos1lp4ekp78u70w248tak5qzupgjtv4nxxac2g7xr
user420,cosmos1rzxkm09muc8edc5qagtqhsxst475hmurxwpgq0
user421,cosmos1qpv9v2yjtrkdekfw904kg0xhar7xyz8x8p029e
user422,cosmos12twr3n64ayakaz9zg9zhacjgsfkq3gz66y6ssv
user423,cosmos14jmwlh229rrxyy6g674gwfkgdmzz4nmrm52ewa
user424,cosmos18rnx28q4ngqv6fw050q8lq9ux47smf4hafqza4
user425,cosmos1tm9ackl05c7prdz353ygkggf0kn5a6rdwjjzgt
user426,cosmos1pyrea4wecxy3vrxh9cfphnkr08p4xg5rmfuh0a
user427,cosmos15c02x7rh9m0nfnzdrawycwnnhmlyl7zumfq49j
user428,cosmos1jws3dvv26yznyp5jywd793fpeq8zvlaqgnzav4
user429,cosmos1ag6s43fqkt5m3gqv967588qu6vtt5u3u2nvjnh
user43,cosmos1e7vscc3wps36hr3q757axcg3yr7d2f69ks3qry
user430,cosmos1vm3ww4ce5xt475k7qv8x4j5lnwd85dzjtrtp3d
user431,cosmos1ugdaamvx80suk06arh9kpvjeh4khpnu66r5fev
user432,cosmos1f80g9xuhewqn8zyw7sxc7d520a9snpp6n9wljw
user433,cosmos1s3l7e59hemtd0zqcxda0eznvf9tgsg7ezlyzn4
user434,cosmos1ggkr3jayvhh6m6vdf3ntknsj8sghd0ju9gkyy2
user435,cosmos1q907539xt6ft8apzggu8jkeahfnv84yzz0ekdq
user436,cosmos1kvkf52xynwqdvaq47m5w6069esh5zwkn8wpyz0
user437,cosmos16m4x2txvct3h44y84euqy63ku6hf7uxk8x5nj8
user438,cosmos176h67z8s7v8me7pydedtrt8ksr7lvkhnu702lr
user439,cosmos16tzy075zl3d5xdjmg0kpnc6dnxyssgqcl2dh8t
user44,cosmos1qxd2czv4rpkmden3jk02gmrjd93en0yx7xq08s
user440,cosmos1f5a5veck9tgmm7gd5yw8srzhcn0vag6gu6tla3
user441,cosmos15gaxgcjmfecrxtzz6j4tkrz08s77n7rqqpfn5v
user442,cosmos1pj3znn525wns23du5w2t3n289rrq65xgv5nt00
user443,cosmos1ghzkeu8w8jf3674vs0thnjm8ewrj5t5lnyen7n
user444,cosmos1zlqptveynq0yxvejqufpwyfsdjx4hrakvucm0h
user445,cosmos14llaay8zj07kf26vxfn2t5d9vcyl8kr67mqwjn
user446,cosmos14c84xjy0mrh3rhlnu5ky6xh2tjsdm2ecg8yl4w
user447,cosmos1mvqlh93gnxunsmnkdatez2eeygjcjk76saw0gf
user448,cosmos128dlutz2mtdkmqdedgd6ez8vmcv34kc0melv5t
user449,cosmos1l3mae4uv39f29gmf23nnxg7zcmtq9lxq4djspt
user45,cosmos1qrt49xm6k2q282jvgap42rasvmr9sge4ktk4c7
user450,cosmos194nntl08rnyy9gea6qga5uq6gwy9hlk630el4h
user451,cosmos196excfa334retd9gypvhzcqx98lepm6cqpnrcj
user452,cosmos1xnx5w0yfjc65rshrde0wg903gpmmdtn9xqag9y
user453,cosmos1tq08laykmg8flpvsxrn9wjm40h5gh6yfdmyzt5
user454,cosmos1slv5tx0lkuecwp6ve2fz3rglljcz82lsprxg5z
user455,cosmos1jfz7jwr9mkcfy6fr8h6fuxvsz64gsrgzyey5ne
user456,cosmos13vczsdp38v629y28c59nadt0pgwr47jlpqql0z
user457,cosmos1zr23m4fgmsasyklnnqyy9ztc4a8axtd7dqa3ls
user458,cosmos16grx43mnrzwfk3ndpzsuq8frpud48hcdn8yxxa
user459,cosmos1kyy9326y83xwdlxr2u4d4vfmpzy7w6hjega59s
user46,cosmos176nhv34lfvnu4e3g8xkfna3gexgpr6qx36pxr3
user460,cosmos1pa6845mzdpye8kc8xqkwa0vaa69w4c6927xlvv
user461,cosmos10v05zmx06ph9jlqac6kvh90gumqyw52untckke
user462,cosmos1xlt03kaeam96cmy74ze05lygfszsghnj7h9345
user463,cosmos1r0uz6ly6sue6f33c6xhk8f3y45hqwxdsdkvwgu
user464,cosmos1luvsxyryldepa6jrzpzrmsdm465dkmu0cvze0a
user465,cosmos1v8d77uw0nkf7fqjrraqlm9xs0rjjcv3y6s39qc
user466,cosmos1maypsper2ndz920haa0u0me7yg5l240ncl095r
user467,cosmos1p665xr7l0wxm4wcaj6euejlsdmgxy7xzkkrpqa
user468,cosmos1f7mx7ryum60efapcmdgk963f2a8rkmgzwk3m7u
user469,cosmos16yjvpu4jaq7pvvjygxfsvc5rstnz45lc47uywh
user47,cosmos12x5t438wrgvy9cgygen0jdmc24x7cpa9k3rsmx
user470,cosmos1qdnzgd7gyncpeq7wwd4aq3yewwlhgcs0dptula
user471,cosmos1h5x25spzhvwmzzrvu9hqxhjpm2r3r37lfkrcxj
user472,cosmos1jng5m9yux54xse3vykjrm9mjy3try4fxulact4
user473,cosmos1hqqsmy7sfnxhyrt0er70ddp2hsrnrluqgr3s8z
user474,cosmos17lcexzyzusue7jr3vlskw0eql229xmrz4jnpp0
user475,cosmos1365qvmekl6w93x8sgs2jvj83x7chwx9y9mahnu
user476,cosmos1fvck27x2ymgru60lrselgj6uxgvwvguuf0za9v
user477,cosmos1skwueemt3hdaphxq5p9hlljtcd3js6c5ylvh8r
user478,cosmos1pre7pgjh72han2vftze6ss5k8vqr4aa2wxv9wt
user479,cosmos1ccly4j04rgk2knheteyh0mhc32lnzt6xzsz5z5
user48,cosmos1dyplgdsrx00swhggdp3hyjx88cvphltshugt3u
user480,cosmos120kr2g7w60ywnxvrhg7wqutkmsast57rshsph6
user481,cosmos1t0pg8atzrs36rr7ekam62df3802ktglk778etf
user482,cosmos1447rafvgdghprgng4a4593flk5zf64mpywltkv
user483,cosmos1wztww58r6h87cd2vpxd3ghxr7e4c9xsv6cvvgy
user484,cosmos1gz7njkgle4etyz6f8akt4hllpdhqpa3tukygtj
user485,cosmos1xzl3hcg9syhellqejajshdyzptrvxtlq0pr97z
user486,cosmos1ss2xh7telm5ujw866pylx2kff4fztg4rp8myeq
user487,cosmos1rudv86m63vahvf554g6mlwufp34xjcww204zn4
user488,cosmos1etjjkpuvd3ryh4l47pjjpwjvnmahmhgpknt3la
user489,cosmos1dene5s9vx47enemfe8ecsclhcna3qfd4gcmjr2
user49,cosmos1fsf69c7gk50z55ujrwn2kx2pkjdp2mz72mcyc4
user490,cosmos1pvdlhh6krxueu22hvdx5stjudmgupr094vvw99
user491,cosmos1r379pcqerck22l88df4zkgdz5ardaq5j4xws0p
user492,cosmos1s2evr7ycap8acnu2652vl8suwv3mzpkpra6xgf
user493,cosmos1n84nx0xty5l3cu8hyxj662hctalczpqsdewkt0
user494,cosmos1gfyfwdu4kryd5c9lvt8hga3xj9qyrhr6gr6yv0
user495,cosmos1fk0t8m0zjfhcwuthgk04ym83fsd5s85zfeargu
user496,cosmos14ewtcx2z3ax7mxjzrqfxy5xerd6fxdz7jt48p3
user497,cosmos1g6m7x5tl4ak59erpd0262fkkcj88h42t8zcpcr
user498,cosmos1gcl9vpr9dcgyh9a5tjzf2p0wcfyvthwunjx48k
user499,cosmos10jh75w97ue37fleydkzc0wvym8jhp39wxqdd5n
user5,cosmos1ma952syhg638de2r9ym76kj2pax3nwjr2xq47y
user50,cosmos1x7mgu6ratxgd30c2fpxn8vgamfjc0322uj64dh
user500,cosmos1msl9pu9lt9ee6furud9crskxphhr3f24n7ca9t
user501,cosmos17k8uulta0algxgemqmv8ysjyzaa888m5dgusr7
user502,cosmos12nxs4g0mjn2ecmkpzrp84t3hws9gyqg58v0cku
user503,cosmos1exz9qf9nrn67z4c47d8dgzcm7ffrgys8ged7xu
user504,cosmos1ut9wx3wxgf8qe3wwj5k8gszp5wlmy2d9pmus85
user505,cosmos1x79h9767yk43snzfgumrqmcm97tgr6dlzpezhy
user506,cosmos1207mmh4y44wee9axr2qsjp6ut8xdpe04ulma7f
user507,cosmos15c6c4e6vgh2nwn5d36yzf6je5qw0wsamrnjday
user508,cosmos1rc0qyazljq6j2kyeggd8alefpzr3wnvyv8q0jd
user509,cosmos18whhkht72n5weye72c8xcwvrlwxtvyeepeah68
user51,cosmos1vplwautgrdg69twlj8239fadfpe2g30ex05rhh
user510,cosmos1syj7z0gwauqwwhspvmuzgk6spdg9enguq6xecs
user511,cosmos1ytvvandee3p2kxtfwr3esnl9e543h3mtyzd8r7
user512,cosmos17un8stzkynr6w6zv0zjdyuj48lze7pf7unfwsy
user513,cosmos1hes93hwllttfgh23melswd6h5hhs5tqcmfe74t
user514,cosmos1rnwkudeqen3rcxpn29atpvdp4w5hhwjqsrvx0f
user515,cosmos1pmq8k7769n2wckc7ra46dzewxqwca553w3tvm7
user516,cosmos1wgxmavh058tv44yxkfj6pud2apl2gh3zgly95m
user517,cosmos1xpq5xqafq7gkzkr95trdtsz9m7u9478rj3vpcq
user518,cosmos1zltz8frxrfnzl5hcncld8r8jkt7jw2rmd44dc6
user519,cosmos1eftc9kqtw3vg3yjxjlwl2yc0992gy2xdtv9y3m
user52,cosmos1lgh2ne076uat5tqpgda7xwccuyxcmvmn9hcwzx
user520,cosmos1ppe09sa846xxx633g8xv6dnjsjjmtzgx9x64pd
user521,cosmos1rge5u577evlstky8uzduah3klsensswf4ky9sd
user522,cosmos1adtv055g3defwt48tjhvqxgzh95neuj29f02jj
user523,cosmos1kjpzppnm28urvw78nyazk6kenlfavgga63qwj2
user524,cosmos1243padedsv6j08gtnt774zldkknyejqujdpxme
user525,cosmos1lgupqw5sx64tjsuaz5dke25np8efkxjc4sepv2
user526,cosmos1mqqa5enxtkc4zjc2twyq542srpqt95xegw9ncm
user527,cosmos1czvx8spsvahktrzjg2wwnm5vme80dej5yxn8fh
user528,cosmos1d2ju5l5h8mtzwmdt0xyvjzl405rkp5vs9nlxqv
user529,cosmos1ctwjarrvmu7eqw2ctan7fsz8felhp77zf5utes
user53,cosmos1c7qcjrfswynr959ygfdyxvrn52mh66zcgs5gqe
user530,cosmos1s74qz6cekgdxlawd40xx4n2sn9zg8qgdlhm0m3
user531,cosmos1a93zjv9aakn69r2j2eywvv6d0p4npemjynvv2h
user532,cosmos1gmdkdgwcfmnttnhyccy53lyx3mkdezlh7dh07f
user533,cosmos196yn920dg9qkdar5jfqe3ldcwwa3vsn9df9fh7
user534,cosmos10z0x0jxpn25tt84nt7azpluk5r6ly74vezgsl5
user535,cosmos146nqp3m9keg3ydhd9sfxpl49lk7gyywqa665rn
user536,cosmos1vj07rdt9m0tw88mkxe86h4h229zwwsjg76mf26
user537,cosmos1250d6j08s0rwultyvuwv5zy0wd6mad8aupeekw
user538,cosmos1w03gq62smrzpfu2c2ycc57ep4v578r7z3v3l0u
user539,cosmos192hptsch9xaetuuw0l24j0tul0ja0cpdqj527m
user54,cosmos1vvefwt5pxk3rnnw5ev3utkee8h0y492d9da4e0
user540,cosmos1tk7wdfn7n8wn40dq4zvgv4qszlzawankt55g8t
user541,cosmos16xkwggmrsl9q5q6rhyet2uyew07v7mxqusczwd
user542,cosmos1cf03n9fkj9dpz9kjhp3vtgcyhj4jw5jp2sush7
user543,cosmos18fpkzhpkmq6czrln2u8ttjhx3u2nstgs7fh4ay
user544,cosmos183tnerdpywttw7xrjqyevv3nntcqefkx932cpr
user545,cosmos1ag7cg6qefkfn9lm8gcc702khzs9fnz4czkxxuk
user546,cosmos19t2tz7dtdhhluftzf05cc7ju65gpp0p2xu9m4p
user547,cosmos1vptxfrgtssevzsd36musgn54qvv5ttn6258kmk
user548,cosmos1jvrz2sruhph5q9mtw734qs66ped0kju83cc0m0
user549,cosmos1rljjul3x3hfky74cwjn750ff4rvyew7zn9pzr9
user55,cosmos1wmyj744vlsan5cjke5a5v23n6hckmpk2vw0c7h
user550,cosmos184rrc48hc24gecvjgza7fm40da34rzw5wfuw7n
user551,cosmos1ra4clz8dg8m0p9vgflgd8zrtwwp37pxw9p4fku
user552,cosmos1hm2g6mw0wzykakl294aekcn686ukm7wj40v2gf
user553,cosmos1y4q346ju3f984usyge7zm70fpemuc6906at8th
user554,cosmos145lwj4j8gdlly4536jpmcnzff7quzjqcyempxq
user555,cosmos1zscsmjfuezx6rfl9732xc5p7awfkqn5xeukprt
user556,cosmos1fwe948evt88w7yqrhg8lcaa4weuazgc96a8n72
user557,cosmos10q9wcjj9v0t0gmmp4c45myg8qxnu2w4knfw0el
user558,cosmos1m3knf7tktcw9qdlpfhcrw205dnc0h6ejry6a2l
user559,cosmos10zelclpth0x6q889t7ka4t974zrv8hkyt3ggjd
user56,cosmos1an8z49ujxnjrsfvcxsr3exuv6uyfmrdhgqnwac
user560,cosmos1zt8tgjty9ldyqry2vdsnxh0vy0yvagp0n8wk9e
user561,cosmos19msqn7znym4d4k80pguppj3hp8vxey2e8v4578
user562,cosmos1qynxdmz0yz2nagvwj9s2syl73vsqzukmsa0x49
user563,cosmos15yad4qum7f6zrpy40xt23thderfs4qn4jnluas
user564,cosmos13y3yxc7w5u7u34922muxjflztxd7wde3dkhuah
user565,cosmos1p3wu9havg94mznnjyfamhlr5a7e7fjdtzs3mud
user566,cosmos19a5rsnhse99sr369nrawmdle7gh5ufeyazee7q
user567,cosmos1arlmt3l2zez2kue265ltj0e0vyjhpk3qfjjrx9
user568,cosmos1x67ksel4mpy2etx6u8ace7pdpjylfqgt2vm0xa
user569,cosmos1dh58g5vns3m3ygh8qmedx37zzr2s4t2t50m7cf
user57,cosmos1hsrt4hacfeqak3amfqufupjwcyg20gsa8469e0
user570,cosmos1ctlvk5h57upp0dddq6zjl3v4ddkpun24vrqtmy
user571,cosmos1cmdq5e67nhvpwpq8zmjwajdenst4ynnazvcpuu
user572,cosmos1lqehsq05n9edjjn9wevh6j9hqmrzjxxxsuv3cs
user573,cosmos177dt26709sjdqtcm20uua760l5a3gurmkhhhf4
user574,cosmos1hr6cukrxnwm88dv6ef7vat9p882xzvj0ssq5wz
user575,cosmos1s86fed20259tq08yv07c3q62zyz87zpv4prcpx
user576,cosmos15w5yju28wd8cwq2fzxq7v3n9aruk72a3q94gwe
user577,cosmos197m9lfjw8qc9gq483jg307e8yln46gjk52xqr0
user578,cosmos12k0p69jkslx9t3sc3amex6ccd7kuwqyd7mlhlh
user579,cosmos1dypspd79pcmkwpzn9ejzz6xll4kw6k2nwzhhya
user58,cosmos1c4e8jnm23e0d2hd4y50h546630crdhg30j6wgl
user580,cosmos163v9jkk3ef2tpjcezx2t7xmww5h8qnepnkgupx
user581,cosmos1lghfagfqe3zwwvl2wt5zd02scrrsckuaquzku9
user582,cosmos1yy2lr30ks6chvce42syuagec7rh8ud3ce4j9vj
user583,cosmos1ar277hl0gz0l3mhgnmfxgt2zux8v638l5aqr5y
user584,cosmos1ufwkjn5h803czntt40vmhly8e9ur2n6p9vqk47
user585,cosmos1wkg89h3nkf8e74df2d75czjefr339avlz9ztc2
user586,cosmos1ly5v2krzmd5qgkqzr2rd6vc7h05y3zjl3z2z77
user587,cosmos15kjlrqra83nm20hm9nyl67vdugxvdhychyl7xa
user588,cosmos1vcgkrr3c5ecn9hkts68269frqa6ydslwh2flur
user589,cosmos1jhhgc0xc8ccctfud8ldepy90mr573r0sd6z89v
user59,cosmos1rh4l0g6h0tp3yh97g5wu0aa6kzfg23fq2qf8ps
user590,cosmos15fkc5m0zmlc459c48h9vzz674m7p7s6xysftwr
user591,cosmos1s7cteaeshdya0sj0uzanrdpwq8nkg5ncah547a
user592,cosmos1uh5g5dasufezyjxq93qvvn5ggrn366ry9l08ph
user593,cosmos1hvmhaucc6ucrfwpkkpdl4yl80h3c47ug88kvfv
user594,cosmos1hrat8xk2fa8wdhe2yjslvm5d2c2mcgput4248h
user595,cosmos1f63g46j5dkspty2lx9kv28qnmjdnnjxvmryrw6
user596,cosmos124hwx8y4hck3umywdyxev966crxnn9e2x2yd7r
user597,cosmos1wrvq7nvzwx2fmstw45zx8sts2jgtds52kclzzr
user598,cosmos1mn2u6j4r3kdwvjlu6vf9p4l3hlg6xk5p397j8u
user599,cosmos18ykqra74rnf6udxhw40fd6tc57wh7jhnc0s04j
user6,cosmos1efctqvn7cnfpj7c5rfv2uuucytefp4zfjm6s4w
user60,cosmos1t58unnnhrp7k6d3rx6rpyuuq94yczyj0xkx5em
user600,cosmos1va0pezxw87fp0husk5z732qt8hk93s06z9yey9
user601,cosmos1dcffa40jckkhxwfanmjdhxu966r25mz26hfgk8
user602,cosmos1glp5yzlqslug05l2h4aej8y5easu0ekzakug2t
user603,cosmos1edgqtgmv7ygl0lxec9uv2t0wygf7xr9f0cznuh
user604,cosmos1sz2amfq78yu2sdcsmvcjqrdac4uuthqxlxvdgr
user605,cosmos1rc4ld8xrvf3qu6zwpk2ee5e5z602g9xwu7m5lr
user606,cosmos10zhy5785wk4z4n4uywaelzlddv078ssk3qmh70
user607,cosmos1jhssv05rqvd8da438ceadd7xgfrw9lj42uqasv
user608,cosmos19wlrq5cd0jt7fu7hxpznkfhrf0yq9lwahc4q6w
user609,cosmos1dmxz8v75jvzuu4qvv8qxxs55ypmtcrjxgxlz7y
user61,cosmos184a4xnqzgpwpqdt2jr3drxgy6kwnay28cak8k9
user610,cosmos1wd7j2s3wfm2txcld48eq9an82uyscpzmfs3tq0
user611,cosmos16nlfa5w5a04d6jj0muhy8mk47lfycvhcpdp60g
user612,cosmos1tyclar7alednw8wuaravguf78yvgxqmsxcvnx9
user613,cosmos1p73z7rd977mc09x9phm0pzaf3jdjmga6k2lnk2
user614,cosmos1l5j4wt49nt70fkfupswtt5nary5yl0r5y6jdc8
user615,cosmos13n95z53xmqtpha0dy68gt6lmntazdu4eyze5s5
user616,cosmos1ssjgclypv2wu8794hl37pathc42rfkfarycan8
user617,cosmos13mxjdf842lux29anfrn6h2l4vw7j0y2njlcvpa
user618,cosmos1pgv8nteuwyq34q2pca8pstzed4mrh3hcyfe7fn
user619,cosmos15kqjkskj9penyjlxesy0kmdhmqz2kyrhu3ycgu
user62,cosmos1jf5yj37mymhr6fptj0ly8xyclmfcq3xnqpxhll
user620,cosmos1c0jvt7ftv5p56xmf9s3tjd3dctletvnm9tdc4k
user621,cosmos1z5depkw44p363w3vq4t3ys0zvalj4yaa84yk4z
user622,cosmos1jmhh26qhxsmaydjrfu2xufudeynhn3dc969w0n
user623,cosmos1f8fmu5tfkrl8q62qmmn2049kq598hmqyyu8wzx
user624,cosmos169y7xx8nw7kta9rzrlmug6fsh78jse03v5c8zv
user625,cosmos1ek6j7wwwzj67a4s6x02ztu0yhar6hvwm9m5nfd
user626,cosmos1jrn9qr7p6c9ks0ssex97e7jhkft6sdn5kuug0l
user627,cosmos18a9x2npx58phgepjs9wk6qcx56qy44lvxkqg26
user628,cosmos197flyemaltx3gla25ygfjfsgyjtaptphevtws2
user629,cosmos1uk6n4s2d40jnndvv3sjts3p3kuysqlyzku00v3
user63,cosmos1cfrwwtnzx53vlum6mtz2aeh77su37ljs9dl2au
user630,cosmos18wf8heguaku4wgjy2lppwthdj30ul2nl6f8mx0
user631,cosmos1j2art9kwa9kd5wj9gws55mrdl482rpuv9wk4en
user632,cosmos1dxa826khycuhkwhanyrkpmqe8ynn9x4s3tq86y
user633,cosmos1yss8c24d6473uutyu2ug8tpr4w8h4k2ll85t6l
user634,cosmos1f09szcjw4rttgzdxpmv9uq52aknzyw79jw2zv9
user635,cosmos1tsgsps8wfkcdf392xf6rsrs9n96spvat3zkyzr
user636,cosmos1um82e0x3lergh62a0euueejx9k562ldsxyc5f9
user637,cosmos1p4grwsvenralhxp4eqdpmqkhqaegf5nyhc9eyt
user638,cosmos1nkh9kkhstpgtqxf8m64pgd7hahpdrhuudq5tqe
user639,cosmos1m3smzs75nkj43njzm5p5mazmvz6996c4drrtt9
user64,cosmos15qx2xzjz2tgxjm6vu6f5p5zymf5jugvgw8fzm4
user640,cosmos1wta3lzysxujcefn2mgsy9cg94avhdwjerx83c5
user641,cosmos1h44n9mqwawpu3099ye6den5z0er0caslj29d54
user642,cosmos1nhv7d2lx66y80ej487k596zzxjqdeggd9vav08
user643,cosmos19lmsen89fh68zzja8pqyta4fsxpgrze23kvjdq
user644,cosmos1dpp7ejgwq9cnlra3mxz3vzgy82dwnfcpkqqmjk
user645,cosmos1g63fpxxzw3kry5pk33t5gl7nfv804gsrlcc9w5
user646,cosmos1znf5xds8penedlp8u0zyjky359sjaq6qjklhj9
user647,cosmos1ls5h9nukr6uq8csx46pzksmumh382unk7vwwas
user648,cosmos1e2g8ug98jaxdttvm0rx0xc5725pf5fqfkypax8
user649,cosmos1xu3gzp7wsg9q6atm0ypavtc8a5gphk49rvvrvy
user65,cosmos16jp6npzxgj3nsu4vgq0t98u2a6xckrx2gpqhdl
user650,cosmos1p9fw4ekkp7c7wkpk8qf7ty7l8hchkc9mt0vrx7
user651,cosmos1r4hd62kw25gq0drz627974q27v7xv82rwmeuph
user652,cosmos1w22lhjgnxpejz4aavxyd75dye5vz3jjh7z4025
user653,cosmos1a7xaqw5hk7pqhv33wy7ym757nf7cd8u2d52e9a
user654,cosmos1ykwt6ckd90me3ws5r3jhe5fgtsdklmfcqyk0ml
user655,cosmos1fc6zclna0n2rlql9fq5dyuru8yfr5cd9gamfay
user656,cosmos1nr73pxskmtexwfew0tfacz0wfja20znmsyq50e
user657,cosmos1xwwh0ga7c56p943mhnussrcc8a5as76hgk896j
user658,cosmos132ht6sazxe9hrqsnungpzgmypm45jwnpd2qxzu
user659,cosmos15m4u0ujwcpy245ykayfu6yn6nn4kazmwghnqvj
user66,cosmos1s734w2yf6ypqwutjp5l2udecct46pamzjkwtyg
user660,cosmos18w4srdvkqfv7m3u98nzlanp6z74uvp296k3dyn
user661,cosmos1ln7jkzlskxxpdp5ngzevtwlmn9gj8z9m87ffnh
user662,cosmos14up4k5zf29usee6pw3nl59y4ywuss2sadyqx7f
user663,cosmos1f4sy0l94cn3mjeagm8fy7la30h4ynhfewq8x9a
user664,cosmos1uah438hf7z8055c6kpr8jx5jdjurxcrq9tu856
user665,cosmos1vt2f2g0d8e8j2dcen2nsp3mqxqv044q7yxcmdd
user666,cosmos15hfqk05cnfy4zd68axhut7y4x3vv37x7hwze6n
user667,cosmos1hwh2n3rla863vqemaa5vvsjql0z0l7vjy2xhuj
user668,cosmos16v5xeqwrxk9lndgqvwh9q6vna4ex9lv42xqj0r
user669,cosmos13lwvdjj7v6j4wtgf06e7xhfme82q4l2dlck02m
user67,cosmos10vw0n2q6dkyhu4axsvc0jnmnqn8tzq52we0lrd
user670,cosmos1nckxy4w0chr6pfjz7kgnwgusz0ttnk3n5gje6r
user671,cosmos17ezts8hrkz0kc3r5xxhjevwfmjnhkr9rettuup
user672,cosmos1d435at9ns0sxvuekntqw7qgap6uz3rw32glz8s
user673,cosmos126dmjgcwn48uuvecfmpvgn4yh49x5y06sv3228
user674,cosmos1ah4vjyxml2a50yvka5n4lvs444ypsqpa3akzhm
user675,cosmos1pjlcyclt7kyv0ldj08x4k5yjxhnte4xle44hkc
user676,cosmos163usk749mpzqfx5l0cv9te4jes4fnq29l7rvyd
user677,cosmos1w0qvt5zwsm2wh99ayryhv4ytuwkevd9l364kte
user678,cosmos10rmwddqxr3g0sguvv87qgl6jpxw5cj5jsg77my
user679,cosmos18q9umq9aqa0p4zz72kw8uwdpz8dsrvshgtfmhy
user68,cosmos1xse2k6m5mw333kswu4dpe7nzx27sl7uu38xxf7
user680,cosmos1qze22ydf3rtjlznegp205qnhly4jhz22lcwhlj
user681,cosmos146nnksshjstr988plz45e74yykyx0yfeslhul8
user682,cosmos1duc46k2uhw5ecel7qgehnp840llmy3xz8qg5z3
user683,cosmos1v6q6pf9ywmlstw6uwktmdg9w42uh5eyh2eukej
user684,cosmos1f9wxr8rvz4wd6n67f3qlf3a25hgqe9gtnjnqts
user685,cosmos1ymyk79c006ud5e6qpdjeue4zx074vwjyqh38nr
user686,cosmos1ml5mawnp26neccq8kjt4rnt3jlgzvx6eqrw336
user687,cosmos1qhyluyxc6wfhdar8zqamqnmnwrrcuvutj5x3u2
user688,cosmos1gl5d6jt07rpvvjvrwldd25gfmh2kanhety7jvj
user689,cosmos1wdh3ndunq2rvjv6rvtzgqd3lerda6txfz58a6y
user69,cosmos1rhs5atuzx6a8uup0xxn469m2gkrueq4tzy0m9s
user690,cosmos1nx473h8kswga7t7e8vykwpvsgd7mfamt22tjwy
user691,cosmos1jquzxvg2cjauvcgel2837kv6k965pe4ng9yse5
user692,cosmos15nkzd66uksuzzesrm75wt6neqg0uzczu7cr9f2
user693,cosmos16l0zz4fps6xxeg60uy9dkn9cnjz9qh3e5qvds9
user694,cosmos12v7ksj4as5nd6puh3hr5h3kuwq400vh379xghm
user695,cosmos1p0a9wyxcuxqm7n9ux2zeuvspyafa5gjc4xe8zr
user696,cosmos12x2yg2h62umqh5v3rlp9r7w0r3xhylgsfc2tkk
user697,cosmos1rhrawwmuvdxsxtfskq5qwr4j9qz55cfz46gkrh
user698,cosmos10nn9w4254g0xtx9g5rx2pekdfl6w8cax3n382c
user699,cosmos12m9u32xxns8c4rkr4g85wfpxdqgqg2keu9a30l
user7,cosmos1p3ycd4xp3h6gzfwgplpgcjn3me9d5lcxdnrw2h
user70,cosmos1znmeu58t7y0xfyz7x6gqn3amv6x323vgg8kzt5
user700,cosmos17n28y553afwd9e0rv0g2yt8vrn37v86p73yujz
user701,cosmos13cpxku7ej2mvxn959lqhscqw7c3d2qvfpqmzae
user702,cosmos19h56v6z98ffnlw3k5zdcun7yqxeul54pt0plst
user703,cosmos1nydpxl86tjc5hx37egtltwa9745vkt8u2grl9p
user704,cosmos1q3hhsseqwe6dlg0evc6xecqgrqs2muvu5aaj8d
user705,cosmos1c3dwmgtcrzwqqy7ggkqxyzj05fmyclkuty4ac5
user706,cosmos16wwfp2mq373khlq94n6n9a45h2m4ztkx95dm97
user707,cosmos1ntdzza5elv3p24aqmhdfvsww0u89d48chhj5ul
user708,cosmos1a5grpntmlcyz9qnvg2yn0frq53jvafc020g3xa
user709,cosmos1u4edk4wg2yfn8v9y3qkc4qwaml062djur73yxl
user71,cosmos1gdgkywvvnfdesaesdu9jchyuvf8mdpdrzrnf9j
user710,cosmos16t8lac5qgvf0kunnsywu8ekdwvktgvaxwsa3yg
user711,cosmos1hs5nzwmczzkzs88p8fhn3tul6wqj9mfq8jl5ff
user712,cosmos1jdu7kv0yxuwx0q4wyt4q792u3s7nvuzgvtpppa
user713,cosmos14a8ncvwjqjhedudewhxs8ggn86fuxnlu6d09yl
user714,cosmos16ggxfa20wa78vc26kxgpg98rgq6fu5pzz066gz
user715,cosmos12c2pdj63ty7cxg4tvqu20takvlwvjxmnm8943f
user716,cosmos12n4fyadhnuz65jhfkkfqd8llhuma85jg337ukz
user717,cosmos1u8kgxt4kzeylll7d9khuxk7tx27stcqtcv9pse
user718,cosmos1ty8jszfz6vyx2zh8l62kn9d9p2qtkcchvryxdv
user719,cosmos1x52ylh8uyyum768l32hsx5zycpah9tkjkva0d4
user72,cosmos1g6ttkz6t97kvqtycnggusx9amw6e95zyj8scxh
user720,cosmos1ynyrz54ahwvck7yn524j3vx4t6qyr5gh4xh3me
user721,cosmos1tsfl6pd90e672wca5agf25a3znuvqeawvd7wgj
user722,cosmos1dezd98mlthlagt8784udrg8d46w2ku4xf6ew3l
user723,cosmos14x2gwg62mjce0q9qr7kdml5d9lcgw2uyxugsz9
user724,cosmos1szlj880jz7m2uu8f4lewdgukf8pnp93pn04t2t
user725,cosmos1pj9sacn3c2w94v9757csrukte0gvxealgwxqpy
user726,cosmos1pzjlgtqe0ujdp9rvw0ux9nldau0gveg05m6dpg
user727,cosmos1sc5n0wmcu3yyadj2suqp89wmm8ss2k5wz890z6
user728,cosmos1864nl8gvq6y0dqj8qs8y4yz6wj52uhkl6v6k95
user729,cosmos109nmmdp2t05ge8ye82q086524mz4vklc7vcl2y
user73,cosmos1de5yyg4tdt5yhmp7ll72fuwhthwvdcalgjktyx
user730,cosmos1g3hc5tzptl6ndn0s2kuguhr3t62drsv46uacc9
user731,cosmos1s2hsf9rp6jvertyt0uu760qyhjwjrg0z6ntgky
user732,cosmos10dq69ry74f32s9ylc7g6twluq2c6m3u6uj4m5q
user733,cosmos1zacd24686pjqee9mrjt9xvlfgwdz5zlc6q5g2p
user734,cosmos1p083w6qgcey6rtn6ycxdhdfs8uzefascf83ffs
user735,cosmos1pqd094cte8p9mtqm4t6h96kpajged9mvj07rm8
user736,cosmos1d08yf6tvg8rdhunucnq9xfcnh3gvrr2gahct46
user737,cosmos1ure20sk45warn3zuqql4t3ygwzfdsh4fw6acr5
user738,cosmos1dykhlqhp566alyjp3aeakg5nn09r0npdq7ew27
user739,cosmos1nm0wj4shent5sn269w8uh2vsk058a09f4f4qpp
user74,cosmos12mvwt2aded5agywtwvsdmzwttmg88g7up708vc
user740,cosmos10d78y3rsfrl4hdpun7qkms06ycd46fmn5yl446
user741,cosmos1k4fky9srq70fvzwa7s87l6vhu6xfxwnq7ly820
user742,cosmos1l7ta39ywazww06rl8ely767pqdj3lmt2h2dcsn
user743,cosmos16q99w0jc0dk4m7apra4nacurckdzppylr7nfcd
user744,cosmos1jh08mkla7ghr77y7q9qfahfaf258g8tcfqqua6
user745,cosmos1apjl0al6esyjhehmq4d33g02qng3pqps86y6lh
user746,cosmos1ztq0fnyv7x849q2jyesdjs5auru045y32e6lut
user747,cosmos1pvugu6nevfsts2k3y57h2f349qfdlzx4nlx5ec
user748,cosmos1l8snpcczu8jnr9p5skl8sxk6kpgvx0grfe9kxd
user749,cosmos18exzkmyyzp32zz0jr5k7h3ed9n66gxzfmzs8ll
user75,cosmos1zjh3vgw369etjj2zxxczuldfmewfuj2qe6z64v
user750,cosmos1xsvqaagryuxz3qhv3hke45z0lcjat2eum2uvaf
user751,cosmos1eftajmn7dctr5ztt9atd5c90kvz78988n29r47
user752,cosmos174q3rf6u4nu9vkqlacwzhnsaenakgnh5uv9zjn
user753,cosmos1xcswygpxtvg2lk3nwmql6aspgl647n5wz2wr5z
user754,cosmos10lejzrhsgzm67aptxas0fq0eawl66hvf5wkn84
user755,cosmos13tmf3kgjtwm024x5vkyej3m60md8f0l3pf4che
user756,cosmos15nh040uj6putssfq6pc0h3rwfk40qat3n6rx7j
user757,cosmos1c9c86vyqadkeu029dxm4w7kx776qnye3539hfp
user758,cosmos1v0f9pld6yaq6lef5nhhdmc0cmpx5grasr3h2r0
user759,cosmos1mr32z7h0m5ngq4ea29szu0ekn0zwz9gcl7sjvy
user76,cosmos1lerh39gwjqtahgd7lj7f0w8nr9uzrfx20x2r46
user760,cosmos10e5rvpxa7xx3hp2hwjk2j55k858zcd3c226vww
user761,cosmos1e7gq7vzsyqgjj5s73xvh9nz059v80the35lran
user762,cosmos12kqh9l2m9ch4e8mz3qdevmpy4d3e6lj4rg40xs
user763,cosmos1ls4uk722lqy8z98j3kd78ykt0pund05qu9pf50
user764,cosmos1szwy7klqxzfp0jprvkw69fa22l78cqwdlszpmj
user765,cosmos1e3jzm468axzdx2869hmpt3g7em0n9zjzdp9kpm
user766,cosmos1yln0ugf82rg83gx645c0hk675s46dzp2xlq3a8
user767,cosmos178r3ypemxedlk8tksnep4gjq9pjn9uhujye43u
user768,cosmos1nmn3wmhcjnjfmgakmmepdfem8gtagn9jvrv8ng
user769,cosmos1a28k98dur3nuarelvtfhxffn89r9ek4w7a8n5z
user77,cosmos1aqnd36hwx23yqlkz3javkk6z9guwyna498g3wf
user770,cosmos1l76rx69m5v3aqdvchxk09ce7wplrrcchrygesq
user771,cosmos1zqg8smlfk6pcks6tdsqvpjmtzyg58xa6aunvjy
user772,cosmos1ectjnrdxanx57uwjex4uk9z4d6yh96ep7hnfvm
user773,cosmos16rarsap2s563umyzm97fghfw4efxm84g2v7677
user774,cosmos1z8xfrw4fpuae292f520q6kck9navd2ajw9y2st
user775,cosmos1aapsefdxv50mqwwquj64lgg5dgt8734rn8dj3g
user776,cosmos1lpvmqayqyw53ws3gmvm7nxpw8emf0w4x84yq4w
user777,cosmos1rl5nptlkdzm98vsj48ffkhg3ezly5pm78nwlj2
user778,cosmos1kytcsgcmavrd9zrxmzvl7xxahnltj59vwvwnug
user779,cosmos1gxntsw2uamlamskgq3c0a99ghgyxlsvf6fkt4z
user78,cosmos1svshrm8mggjt7u07fzflnprdgndu5jrrnrea9k
user780,cosmos16nea6lm35umf8wtndu8lha6a9zw8uz6c7tv9d3
user781,cosmos1x4d3v5zquffqz2czfuuvsayr04ql2ldmura4p3
user782,cosmos12t2drdwnjmrk63d8cawx8d5f8qfwglu0u7gf4p
user783,cosmos1m25rsm88dthpc93cqcp3ukpplrm60vmrs83caq
user784,cosmos1e2qlmajxtya052n08c9ns9a4wmfnnsgzgy0rlc
user785,cosmos1h5uh4zgueum9z9mf6jndy6jr0574kymkjhzrm7
user786,cosmos1dnvassrz7wxenxwxcsqckfwleen0a8nyqk2xuy
user787,cosmos170k6ue0jx552ax0dcy6tse7av5dpft4tsfsld6
user788,cosmos1gvle2we2ptf498qsnz3ck83w388pehptrvm3tt
user789,cosmos1ld6m06a60lgqzwfs787p02zmdk0g5339mqzsw6
user79,cosmos1d4zpr26qn3w5hllzrm62pn779walk8qnjdzyr0
user790,cosmos1l9xkeqwsftc4f67kaxqnxx0cwtr3mm7zht9jv0
user791,cosmos1jfxddrkfe8rvl6texzvl259gx7hlycc73d4hxj
user792,cosmos1fxfr8j425kzwsyvdt5aw7602m2sjz2yds4wruh
user793,cosmos1twrhhuascj4qps4j9aed89n36nt3833grdveuf
user794,cosmos1cjrw4zy2jpstnse8nghg70x4z5uj6ztheuj9lm
user795,cosmos1zzdveedaeu47s3qynas67pnqxfyjk8et5az456
user796,cosmos14mn3ccr94ve7pdeu4aa9hkfgqcultgtuluyr2y
user797,cosmos1pc9263zl7ajhcw8v4vzyhl68tscdt8jucf3he8
user798,cosmos1hnw0nhvvharg89434t34yg3ng6swkegcftz37u
user799,cosmos1dyrj0nyjhzm3yr00gln6yusltndqkvhr9cr5r2
user8,cosmos17f54n42a76d6yqna7t7v9q3azwkt8wzv6gv7pn
user80,cosmos1rzxuvw0yn4s8c77ypg5kf2l9dm8a5z78qg8az5
user800,cosmos139mcyjqmfwpe4z4xmuqrse7j0hn68grtr6k25v
user801,cosmos1y5dkq3h7dq25mjqfkk86maqxf9puwk3vpjl5ac
user802,cosmos1ama0asjavjkzqfu2g5zls03n4vx5vtpqampzdy
user803,cosmos1e4jtwj2x5046qtltd388x9hek2mwmc8rgwzuzm
user804,cosmos10us9f7c3mp5tggk3t7pkdjx774m50c98dvs9k8
user805,cosmos1zgfk29taelrx9uh2dhf4nm7k59v5ehvmyqd8w8
user806,cosmos19qkz5dmy48ylt05uw9mt3f6muw0faj2j0zcnps
user807,cosmos1l2kvkvknsnhz07x0wd8tendyc98txlng7u2g9q
user808,cosmos1xgw6cemy63y75aeadgnaqhuy5llkzlqq6y54xh
user809,cosmos1q0llezjfjwv0m0cve6qdvafhp059sp67kst855
user81,cosmos19kyamhw7gxhxd7c3qfea6es02vtsx5qvcep2gs
user810,cosmos1ncserzjde9qu7m9pmzya4vzpg6fger26my2r8w
user811,cosmos1a57knrh9j63x9e939w3mdjud3cn33s3mpu7uvg
user812,cosmos1x6qrhsx2p88hl00c52jwcq6ngfws94d66h5tw2
user813,cosmos1lde8tpkf8twev4w7egg9safuucz2nnl8dau0l9
user814,cosmos186vzmljml5y05qtfzt4dja0zyvdegpgkr0797s
user815,cosmos1vtlkp5k8r6qky83quakhj5epeex9pfhtfylyr2
user816,cosmos1w604vlugy2v0ja90hu9e6s6hypsghezqrzywf3
user817,cosmos13h6ftp0v3krtv23ld84yumgv4yxz5jf3sffjt8
user818,cosmos177e5k0wlufh3gutuf03pk28hpdzu68pyljz73c
user819,cosmos13ckt8wezecyy6xp76qmf4n2xxu934f4f8nqz2y
user82,cosmos1n6lywhz33f32r5a3dv5g6guqzw90sr69swpvem
user820,cosmos1ywtesattpl4hgupu7rdhlucxap2qyyukk5wpk9
user821,cosmos1hg0d7ahy0eq2gkzvvtleju9hrx3xq0p2qnd22w
user822,cosmos13r3gj46d6fxtkeh8mfdnyxlhu65j50lvpwamar
user823,cosmos1jqk8dxpx6lc9xgq300dzqfhtu5wvz0f75sdn9l
user824,cosmos1npycdpz3m6s7sjxlrj4ms97ds853n2cr84302l
user825,cosmos16kgepzkvaxnvwpu2k3mccgwz3c9ph26g3clhz4
user826,cosmos1xqyh2gzzw3xutcuqj8r5xkvu3m5pr76g725yet
user827,cosmos1cf7fkkqkpf5dj9vt7dpcc6u5kf9gg68eypd83x
user828,cosmos1fhr6z4g9gdlhaagmcqpayeezm67xwfngs6qce3
user829,cosmos1urea3m32klccm9ayl04q0qyer280ecaws4pk0c
user83,cosmos1k3q08gfrktgny6tnkfn705zts4pukleexeewnt
user830,cosmos1nnfcg0gqemv6ls9rehev82750ylytgn9pvxnc0
user831,cosmos1rqjkz46n8ldxayvvc3n60srcuqycpvp5ws9cnh
user832,cosmos1ghzsy40gpasrz8l4tqtt55srtfucsmkg5n7aer
user833,cosmos1vslg6xmsma8cpsh7u32xv8ek93wamlhz30hk3x
user834,cosmos132de90nlul3ssx9ws0snjdufa8ekmc896elx96
user835,cosmos18c5tg4ft72wpjs5hkgrfj5xpepd2grdyktxjvr
user836,cosmos1xyaeg5nuh8gk0ltj0s6d522p3f35vwhggsnkeg
user837,cosmos1mzfh3vd2a7yscwraj2ps4dhucs22j9sjn33jnl
user838,cosmos1h0gk7zk4vculeeltm47zkyd7nz8juf7maugva5
user839,cosmos1a2hxn3nhxtfp3auh9qws074sgaxug0492ad3z3
user84,cosmos1mzz4qkzej98zmg26f8xn48fykk7afkn2ylcqmr
user840,cosmos1ut2twesx5ljf6ldnxdx7ddzexaz00nttaa9x7z
user841,cosmos1x6std260pact325x040q26evp776y0w7n5478r
user842,cosmos1ane9keeavt7dtxgjmjxtudckgplsqvqs3ham7a
user843,cosmos1q3dkkxjch6j2denhaqh2lrzw2r5kx2fujvlfj9
user844,cosmos1hlawywev00fcjmpmgk4nm4e8huu24wycn7ww3f
user845,cosmos1625h44rt50q66zwpn72h2ha3r08s3cj5yrpk2j
user846,cosmos157hpdt6lcuwxpdrr8np09n68qnkfpy0quyl634
user847,cosmos1rf4lk45zvg8zrc88hrshk5tzx5zwjmmfujzqmf
user848,cosmos1cjqfee4j27vg0t60d6tllpd0kcjcqvvza6m4rt
user849,cosmos1skduxvma3elqp9zjvmwjyv03v8wqpzyydv27gy
user85,cosmos1h98nqca42fsmhr6wd4eanq6h6tyqepjsmzzq4e
user850,cosmos1u4d29xepd4j52hdvsclgyqrg09vk292kvarhtk
user851,cosmos1avemhaseg2c2ffjvppqqgszyvuk5mhgfn7ntq3
user852,cosmos15ts8e8tmnswzam9dmavnvz3h2zv9xl86ud0ln7
user853,cosmos1rxycuegpwals9cl8sh8fea5jl9xxdstg96pt0e
user854,cosmos1qc3lr7d2qap3n3xn20qrcc4m8qv73gf5hsvgpm
user855,cosmos1wk78p2acy4lzcpz9naqdrup42rajt7fu0hmw2c
user856,cosmos1c34gjtfn35kmdft9mzsv88c4qs4gn5wzjg4elf
user857,cosmos192gtvlepwmslmtfcqzl0avr0wg2qm0zuprhj3j
user858,cosmos1z2ww5f7p056drepcmqwx62ef8l9e5c7gw9f73m
user859,cosmos1gfwl9mddc906m0ufcs53mzp49pt3v26krecpah
user86,cosmos1amx24rzx7jlkjz3ryct27n0llr8dt98ay3pprc
user860,cosmos1z0pjf580vc0e04fcx4fl9ga6cg87xcw56r2guf
user861,cosmos1m5r3pujflp4jap500r9nkfv7ywmru5mkyynmyu
user862,cosmos1rsct0snn3wam9cgmsctgq8qkuz92265aju34am
user863,cosmos1kx4z4puapk4dhzvmuwq4v4zhuc63444djxfu5y
user864,cosmos1sa4rtdvfv3mxw4p53ejd3mj4w9prcnvl39emrf
user865,cosmos18xenws3lj3sfl5rk06s0u3yx6t3586t7u97nw6
user866,cosmos1s8a7v8hpwf6kf03czdknezugzu8q3ukrvq42hf
user867,cosmos10ctg5wpa6jwc7g5pm70pvj9zr7fw75pj6f5vxa
user868,cosmos1a2eajae9d03d5hexh4f739neksksr0cz80kasq
user869,cosmos1d6aa53nlstmhj8efd2u7tahqmdzdq5n93esqlc
user87,cosmos1vszatpzsy2a6ve8llvzj0ynpskl83p3kxlxtx8
user870,cosmos1d4lks08dvylsnf4ag2704cymnj6354535m3ett
user871,cosmos1pm3qelg90jqumkcp7sul6qu9uleq6cvx6gknst
user872,cosmos1nqq3djfv7pvvurqrsck2l4uds8vz6hyvx7yeak
user873,cosmos12att2n9l8nfy66m0es5h8dxq8rw6ks9u5823qa
user874,cosmos1qtctlmd2lsndpskr4qqvzjwa3z2pldh4v7cc93
user875,cosmos1eghyn9q3668kzwn0pqy40ry6pmjmpt9t8xq2wr
user876,cosmos16w6v8mewkqucj8secte2jr3pql6e42lacrsp0h
user877,cosmos15rn92fz5dj5z56ykc3y4adrqjjelkudvks50nh
user878,cosmos1jql33sxqczvqat4jxxfxqe6nfclkspd92urykq
user879,cosmos1mxesku3h02m6m5mhm7c0mmqw0g9z7v9jy0c8q2
user88,cosmos18g0hqcfs8kjyuvheh5qd9e34ruqm0k7z8pss2l
user880,cosmos1wrjzt6tvd80q5que7z9ku63e4ycng8j834x9sn
user881,cosmos1e3hxnfhe2wdzf7jl3dupsd5pdzd0hazw35uw8y
user882,cosmos1qjgwt9lyuh0kheh8j2dkg3j2qrxmqkpyjpvmh3
user883,cosmos1dcspvjmfjc9a53kv5hqe2a2gygvfqh3h9rcgyt
user884,cosmos1euxs8dmdznu2w8sftpq33g8qvptekn64a7urhp
user885,cosmos1w5xnf2wgcngdunnns4h7en9638vqj8zqaxuhs4
user886,cosmos17j7wes782vv5qr7wch5zrsvklchpvh604hag3d
user887,cosmos1fay6gksw692tmg6epul9lqts2pvwar8n572adk
user888,cosmos1u54xycwjgcmfuf5m6vmk9d9suscqg6xr9us78d
user889,cosmos1ukz2skpt9f4wza7fsqs3wxs43k59xfcnxm0cua
user89,cosmos1pmjqm8fvqa0y7gg7q0kacphludrhznaa7ny8cm
user890,cosmos1r4na5swvfqzf4svggzp72kusv7sjc4k9ylg85z
user891,cosmos1g7c8klrcs30zu34k9ngjpww0p0syfzq53zjege
user892,cosmos108cg23gmv6rc50dxzta4a8kthwen4jc0z7jakm
user893,cosmos1glnxflwf270cv06qmg0avg3flf57twpmvkf42z
user894,cosmos15f3ww0f76lvkndxfgdg3gcm2tq2qexgx0fgl43
user895,cosmos1geksz6whl55sfjzn84fs3fkyu043nx22csrkfj
user896,cosmos1y9nrya4cdtu86rrtpax3vh7vqjhk79navdk2un
user897,cosmos1240kclncrynssnm9uxklt6297dv3krrpzwfq8f
user898,cosmos1t892kty0rsy8g2z02u7hf36w62pt7vawv9vhv0
user899,cosmos12frmh6q5znj99e2fgp65x53pahgw47ljghvkur
user9,cosmos1ampsz65lcjx48q97kn2pc36f2cdmye8jch2zjs
user90,cosmos1nvnark698vzucquzfx94m5lrthakgv5vwnpjmt
user900,cosmos1uxt595x885whjvlzpamjh7p3glh6cha59uwwg7
user901,cosmos1p7h0s89c239dm4c6phl72snah2hrpwexwcgyg8
user902,cosmos1dsmw9c3zjuj3mvkl0qdglujcsz3wnrumaqm9z9
user903,cosmos1vcduhuunns7jueahqy3ednvwxt04gyyrfwa62e
user904,cosmos15d26a9re0d3ycy4zn0x9lgfcs2hpk9syflca47
user905,cosmos1l8j5c768jtajyz7ks95zwfduu5zdfzp24fy70h
user906,cosmos15tdjats5lktj0mh74dxastphqv3w9nh4hwyh90
user907,cosmos15mhu04cpa82s9a9dc0awfxvvs7tsjzuemauxj5
user908,cosmos1x6dyfaqaygz0ffw6vqc6c2qucg4y5z3pnap0gp
user909,cosmos1tzdfe46e5jqummrfldj657tpa3k4y5t6saj704
user91,cosmos1laaszk6e28t8ahjgnw8e0vlczqzx87gn6p0rf2
user910,cosmos1nhr2f858vusp5vjcz7lzk027e06hzxgen68vdz
user911,cosmos1gn7mf9yj2rjg5cu2263h2vl8zqzclrpcxdmnpp
user912,cosmos14c3rxhdnp5vrl9x55p3vu4afmswaecl3uyx28m
user913,cosmos146eygutm76qphl8nz9fg3ecmrk6lj7raw96pzy
user914,cosmos1u208q3jegwaw3hlsh8m5xsahauh8md5eawz3jt
user915,cosmos178zjramdauhum0newnxvem9qtyphjmj4cjjr7s
user916,cosmos1w9cml6cc3z8se9ffnwuakpyy0n892lgjq6037u
user917,cosmos16xek3jp4vs9c64yrnzvzyaefve60ac3xavlf3a
user918,cosmos1aa30nd59x02lwvwfeakh9kngj4x8uwmaxtpgs9
user919,cosmos140lylw462zcvfpv2jat9w5s48pl2s6jp2mlxpe
user92,cosmos12ayk0v8s3hdr7wdtjqm8ymnq2rjyshraru8ya6
user920,cosmos1aglu906s7p3ere9ztrne2pymszgyne828z69kw
user921,cosmos1nntv5ppkq4uhepgmejj9gy60f3xt38d6pc4yxg
user922,cosmos1latpmkanrvhgktkgsk6f2n0mt2acg8eu4zuyrx
user923,cosmos194awnfdzssvn7jrellj2j00kw05tfx3rt0tsnd
user924,cosmos1sezjsyl2gr7spquz5e0ldnu6uadagu7ca9q3dv
user925,cosmos1kww8h5y3rvkg9vdzm40qr45karnqxne9t8r32p
user926,cosmos1n9xxpjmwmyxq7ugjy9f5j82w2gkgdj8k3fh7w6
user927,cosmos1rejfxmzgxel3c85wdklefzrzny2xuu57eln3xz
user928,cosmos1sfs7ffgswh9mlaukdx8h6x8u7rpwctpqkgntga
user929,cosmos1xtcwr04k6n4xxdfg93dk4u2xyh3xphsa08g6e5
user93,cosmos16m5w3jhyyvzjjza900z3qu7t87rxg49q99vchr
user930,cosmos1uycchl3qx06np78q07vy7hsq3pr48twjcqklpv
user931,cosmos1my00crrz79e8skmlkwjpxx0u2822k9lnmn2l00
user932,cosmos19zcg75as28jg78tegcndfp0zztnfwtdrajrurw
user933,cosmos17qkh3jqe5mrmgyya6w7chvjmd0s7r50w3uwekn
user934,cosmos17ezp4ug4mt4p7qes35fhjd9tdl6l3xxzamhuzq
user935,cosmos1m9mhxeare6nqsg46l3pzgwy3pxhq4uv0pf2yul
user936,cosmos145nh3da87mqafvsy5lrnrgxvtvwrc4vh2sc443
user937,cosmos1xjv6nv5dtuaxrvp0ddvmkwd9gv2tu8l3srj797
user938,cosmos1jv0dcu5ms7jyxmkq3ypdxf4lhd6pwf7c7qwv7y
user939,cosmos1rpt2sk87t9gn058qgff2hw8mj30u99wwcu444x
user94,cosmos1r34hqja56a65umzvfu97lz2t3mt058l0kfj88u
user940,cosmos16qmf65za23p4dj28wxngkea5pepql367650z9t
user941,cosmos13etzphg04wpa87phw2n2spy4uk87mtj698qq4l
user942,cosmos16zd8tll3gpd0x7ntxz83ue3kc4qjaz9wus9jaq
user943,cosmos1jnrnaqd3gr4zx5mvqye0rwdlxmku780z3m96tu
user944,cosmos10qdm7f33w7hg3ezrneruzy3x5e7hj65fr044vv
user945,cosmos1xxr4ky45ykr6reu64uwsxh4crdqlry3kyvlnrx
user946,cosmos1852zufn6q77je82fs2rdyj5gt88zerp5e65sdu
user947,cosmos1mp35g79l76rff54pj2c66gy83qyphz9y5g8fpr
user948,cosmos1axrl8e2p4q8etlfv3n985g7scqc77vt6w6ffuf
user949,cosmos1eh5h2lahkhxpau2whrqft5wrtpx52zuqtmstmz
user95,cosmos197m30jr4ep643xt79tpm3h4jg5en6fx78gdt0j
user950,cosmos17xp7mf3zth4xst4aspk6hmc47rymzyu2a677h2
user951,cosmos1sszfzvwmxnchu4vrsk9k7pl7qtwe0au43emw5v
user952,cosmos1d6anqdqtgsvmndq832qdwnq88sswu8ayus93yq
user953,cosmos18098kwpxvjggqr558evkuvxsdnggnpky5h0zcy
user954,cosmos1al5c2kr5et70ukz96yyk5zddv0x6sj4a9fzy0w
user955,cosmos1kvuxusz7nujjk0dy53kc8qxctxthskmlr4yvst
user956,cosmos1uj2hnar8yjehp5s3gm3jk8cup0w9rptjnttrf4
user957,cosmos1452d243le95nkh5aa6msdtt0nlzdne5qptk6yh
user958,cosmos1qmt47trnhtaksfw8rvs7xvl0efsk6fg3f9rrqe
user959,cosmos127h7dymglta8jh4z0sa0lqru4ne4phq3kdsa9d
user96,cosmos15mu920yjjgewds2jsjgcu9nase3nkms9zgk79l
user960,cosmos176rdc2s6cemcwkvh5sy4ej3akf09rx2gn62u34
user961,cosmos14am47fxw48xkrjnnkz7rstwz9ktqdc8d46mp2a
user962,cosmos1mryh6avt08zc9lkrxadu2rtyyas8nv9ns9xap8
user963,cosmos19206hzlhxnm8sum0tarclra92z09764pdy0ucc
user964,cosmos1sjz2svkc6n25g4vl3tjez6xjhjqzdtwynherkd
user965,cosmos152gdg9hkkt3e65rup3cs73e0cvn7v0dw44m2pw
user966,cosmos1wxlt3xj3vqvv3n09n2ssgrqh0t42c4ffs2sdmj
user967,cosmos1jkyug44cvf4gkdapvrnltwhljjjxckmyla83jr
user968,cosmos12967w367pnf23e7x5j2uz8pvmcrzwpq2ad6ah0
user969,cosmos1m4wtfv2cafczkcm405fsqdufk4dnk46kqag8uy
user97,cosmos1le0z8wyuw2vnfg7l7srdvrftnm7yxr7r0v57ul
user970,cosmos1kxt3gqplkf9vhpk6vmgv6fxgnwgsjvdhxnzx9l
user971,cosmos1clkeqlz9dxp2q2hu4q0hp5j6rsl3qs3m64zw4w
user972,cosmos198vy32fxs4p7glfvehfcdm5ut5rz3uvpt0z9lu
user973,cosmos19q3alms05kyvzhkrjjl7v6kpwhu9y0y93mhr7l
user974,cosmos13mpxc6adr3e6aak2any8qq0luzdew7fdcm87sy
user975,cosmos1ddrpd5fg3synucf4p25k32hkw9vkgs5glqdren
user976,cosmos1qp68z6ahcsnu0sw2kuncqgf6v42m0uh0dm3v9s
user977,cosmos1sp34jh02et7wegusjlmpuz8xpq37xzlyjhzuk8
user978,cosmos1hsmwtt0z4e5tpfd33645ye4m0e3ayf7a6m7xel
user979,cosmos1hglfzthuq86gga3ddv3fvplqec4v4xc9ttx7vv
user98,cosmos1f7eyk4jwatg0tvadk9c4vaxgzxa0xgfuaevp3z
user980,cosmos1n4lct7ykhewct3auucqkr228eglykl72qnsxhs
user981,cosmos1yt87gst8ktnm3uzxaf0v5q0vhrzsu5rutkgpg8
user982,cosmos1y833jpq4500e75p2k4aqety5rev9jd5qvecxzp
user983,cosmos1q4u3zdye42r4u5e8uge0f4e5vqadntkajw4djq
user984,cosmos1rus9ahslgpxvt6xes0x8g9ptpahqzeh4sz36x7
user985,cosmos1hhvuewdxl6f968r2qtu0klr8r4fp7gj4vsqag3
user986,cosmos1ceaz9prhkkh2najsafrs756q3d5c6sxkf3hfam
user987,cosmos13xh983y26963k54l82n9a6w24zxt4z7q88xdv8
user988,cosmos1gveyl7gq705kghgzw2xl6hkt6guzpnjm978ajy
user989,cosmos13e6nylznxqf9fe7c824x7k8jh5wujna7e43wgj
user99,cosmos1zq7ynk72eukwaxwr0x7e8kzsk7mr0uaaczs3q9
user990,cosmos1a7xznm3dktyrp64pzl028paka3vvge6tc7hp4z
user991,cosmos1ut0pqpc860rr4hx9hjf05fqfxvxz6pufu0ccdz
user992,cosmos1f7z6v2luyu0r3wv6jt6t6hspggh2arwtsr89gr
user993,cosmos1wc8mrufew562wydfydzq7e8hxrgr2c2rh329vh
user994,cosmos1nnrpexa2zw7c7hfw2hh9r4jv3wdyt0ntu2ylf2
user995,cosmos1lyqhw4up6edht6gvjw3v9c9kl6e3mnavj32t8e
user996,cosmos1agq9uncfxgkafv5crdwkqmms8pcxejl4mp6se8
user997,cosmos1rg57hgha9t7xnmq99l0pzn69tvk3cq32x4n5gy
user998,cosmos1uf0jcnmc0k20sqc52x4vew4n5rmfy56lspe6dl
user999,cosmos1yn9hkl48hm3ar5ml4hx9ey9qyyehsgjmyaw60a
